Ad campaign,Impressions,Clicks, Total spent on ad campaign ,Total leads,CTR,CPC,CPL
Facebook,15000,450,$315 ,54,3,$0.70 ,$5.83 
Google search,20985,314,$95 ,76,1.496306886,$0.30 ,$1.25 
Bing search,85019,983,$275 ,83,1.156212141,$0.28 ,$3.31 
Google display,10453,765,$114 ,103,7.318473166,$0.15 ,$1.11 
Google YouTube,20875,497,$112 ,95,2.380838323,$0.23 ,$1.18 
